{
  "getAllUserGrants" : {
    "transaction" : "getAllUserGrants",
    "sampleCount" : 140,
    "errorCount" : 0,
    "errorPct" : 0.0,
    "meanResTime" : 15395.878571428559,
    "medianResTime" : 4541.5,
    "minResTime" : 1195.0,
    "maxResTime" : 63433.0,
    "pct1ResTime" : 51551.3,
    "pct2ResTime" : 55186.1,
    "pct3ResTime" : 62620.79000000001,
    "throughput" : 0.4183975374316368,
    "receivedKBytesPerSec" : 2.5187730212037893,
    "sentKBytesPerSec" : 1.1080997280416007
  },
  "Total" : {
    "transaction" : "Total",
    "sampleCount" : 700,
    "errorCount" : 2,
    "errorPct" : 0.2857143,
    "meanResTime" : 26860.17285714288,
    "medianResTime" : 1823.5,
    "minResTime" : 139.0,
    "maxResTime" : 276316.0,
    "pct1ResTime" : 57737.6,
    "pct2ResTime" : 227776.64999999997,
    "pct3ResTime" : 250832.69000000003,
    "throughput" : 2.0500685308623177,
    "receivedKBytesPerSec" : 1243.6119372653404,
    "sentKBytesPerSec" : 5.423672516561625
  },
  "getNavigations" : {
    "transaction" : "getNavigations",
    "sampleCount" : 140,
    "errorCount" : 0,
    "errorPct" : 0.0,
    "meanResTime" : 2090.321428571428,
    "medianResTime" : 1417.0,
    "minResTime" : 402.0,
    "maxResTime" : 8680.0,
    "pct1ResTime" : 5148.500000000003,
    "pct2ResTime" : 5929.999999999999,
    "pct3ResTime" : 8485.250000000002,
    "throughput" : 1.906032593157343,
    "receivedKBytesPerSec" : 106.23149542296906,
    "sentKBytesPerSec" : 5.038701396168875
  },
  "getAllModules" : {
    "transaction" : "getAllModules",
    "sampleCount" : 140,
    "errorCount" : 2,
    "errorPct" : 1.4285715,
    "meanResTime" : 111103.94285714283,
    "medianResTime" : 51878.5,
    "minResTime" : 3820.0,
    "maxResTime" : 276316.0,
    "pct1ResTime" : 241359.80000000002,
    "pct2ResTime" : 250695.44999999995,
    "pct3ResTime" : 274490.68,
    "throughput" : 0.4158004158004158,
    "receivedKBytesPerSec" : 1228.427490741944,
    "sentKBytesPerSec" : 1.078685356029106
  },
  "getAllRolesAndGrades" : {
    "transaction" : "getAllRolesAndGrades",
    "sampleCount" : 140,
    "errorCount" : 0,
    "errorPct" : 0.0,
    "meanResTime" : 5234.742857142857,
    "medianResTime" : 2277.0,
    "minResTime" : 440.0,
    "maxResTime" : 17382.0,
    "pct1ResTime" : 13767.5,
    "pct2ResTime" : 14539.65,
    "pct3ResTime" : 16598.900000000005,
    "throughput" : 0.41929474623682966,
    "receivedKBytesPerSec" : 3.9665645665241063,
    "sentKBytesPerSec" : 1.1186652799990415
  },
  "getProjectNavs" : {
    "transaction" : "getProjectNavs",
    "sampleCount" : 140,
    "errorCount" : 0,
    "errorPct" : 0.0,
    "meanResTime" : 475.97857142857146,
    "medianResTime" : 386.5,
    "minResTime" : 139.0,
    "maxResTime" : 2118.0,
    "pct1ResTime" : 817.6,
    "pct2ResTime" : 1027.6999999999994,
    "pct3ResTime" : 1978.1900000000012,
    "throughput" : 0.4206895101070655,
    "receivedKBytesPerSec" : 3.16183850330692,
    "sentKBytesPerSec" : 1.1248514440167434
  }
}